-- phpMyAdmin SQL Dump
-- version 4.1.14
-- http://www.phpmyadmin.net
--
-- Client :  127.0.0.1
-- Généré le :  Ven 20 Juin 2014 à 09:37
-- Version du serveur :  5.6.17
-- Version de PHP :  5.5.12

SET SQL_MODE = "NO_AUTO_VALUE_ON_ZERO";
SET time_zone = "+00:00";


/*!40101 SET @OLD_CHARACTER_SET_CLIENT=@@CHARACTER_SET_CLIENT */;
/*!40101 SET @OLD_CHARACTER_SET_RESULTS=@@CHARACTER_SET_RESULTS */;
/*!40101 SET @OLD_COLLATION_CONNECTION=@@COLLATION_CONNECTION */;
/*!40101 SET NAMES utf8 */;

--
-- Base de données :  `managementlatenessabsence`
--

-- --------------------------------------------------------

--
-- Structure de la table `class`
--

CREATE TABLE IF NOT EXISTS `class` (
  `idClass` int(11) NOT NULL AUTO_INCREMENT,
  `Name` varchar(45) DEFAULT NULL,
  PRIMARY KEY (`idClass`)
) ENGINE=InnoDB  DEFAULT CHARSET=latin1 AUTO_INCREMENT=101 ;

--
-- Contenu de la table `class`
--

INSERT INTO `class` (`idClass`, `Name`) VALUES
(1, 'SI-CA1a'),
(2, 'SI-CA2a'),
(3, 'SI-C1a'),
(4, 'SI-C1b'),
(5, 'SI-C2a'),
(6, 'SI-C2b'),
(7, 'SI-C3a'),
(8, 'SI-C3b'),
(9, 'SI-C4a'),
(10, 'SI-C4b'),
(100, 'Aucune');

-- --------------------------------------------------------

--
-- Structure de la table `course`
--

CREATE TABLE IF NOT EXISTS `course` (
  `idCourse` int(11) NOT NULL AUTO_INCREMENT,
  `idPeriod` int(11) NOT NULL,
  `Date` date DEFAULT NULL,
  `idTeacher` int(11) NOT NULL,
  `idDiscipline` int(11) NOT NULL,
  `idClass` int(11) NOT NULL,
  PRIMARY KEY (`idCourse`,`idPeriod`),
  KEY `fk_Cours_Enseignant1_idx` (`idTeacher`),
  KEY `fk_Cours_Matiere1_idx` (`idDiscipline`),
  KEY `fk_Cours_Periode1_idx` (`idPeriod`),
  KEY `fk_Course_Class1_idx` (`idClass`)
) ENGINE=InnoDB  DEFAULT CHARSET=latin1 AUTO_INCREMENT=501 ;

--
-- Contenu de la table `course`
--

INSERT INTO `course` (`idCourse`, `idPeriod`, `Date`, `idTeacher`, `idDiscipline`, `idClass`) VALUES
(1, 1, '2014-04-28', 1, 12, 1),
(2, 2, '2014-04-28', 1, 12, 1),
(3, 3, '2014-04-28', 1, 12, 1),
(4, 4, '2014-04-28', 1, 0, 100),
(5, 5, '2014-04-28', 1, 78, 2),
(6, 6, '2014-04-28', 1, 0, 100),
(7, 7, '2014-04-28', 1, 0, 100),
(8, 8, '2014-04-28', 1, 0, 100),
(9, 9, '2014-04-28', 1, 0, 100),
(10, 10, '2014-04-28', 1, 0, 100),
(11, 1, '2014-04-29', 1, 18, 3),
(12, 2, '2014-04-29', 1, 18, 3),
(13, 3, '2014-04-29', 1, 18, 3),
(14, 4, '2014-04-29', 1, 6, 4),
(15, 5, '2014-04-28', 1, 6, 4),
(16, 6, '2014-04-29', 1, 0, 100),
(17, 7, '2014-04-29', 1, 10, 5),
(18, 8, '2014-04-29', 1, 10, 5),
(19, 9, '2014-04-29', 1, 78, 5),
(20, 10, '2014-04-29', 1, 78, 5),
(21, 1, '2014-04-30', 1, 0, 100),
(22, 2, '2014-04-30', 1, 0, 100),
(23, 3, '2014-04-30', 1, 0, 100),
(24, 4, '2014-04-30', 1, 0, 100),
(25, 5, '2014-04-30', 1, 0, 100),
(26, 6, '2014-04-30', 1, 0, 100),
(27, 7, '2014-04-30', 1, 12, 1),
(28, 8, '2014-04-30', 1, 12, 1),
(29, 9, '2014-04-30', 1, 12, 1),
(30, 10, '2014-04-30', 1, 0, 100),
(31, 1, '2014-05-01', 1, 0, 100),
(32, 2, '2014-05-01', 1, 0, 100),
(33, 3, '2014-05-01', 1, 0, 100),
(34, 4, '2014-05-01', 1, 0, 100),
(35, 5, '2014-05-01', 1, 0, 100),
(36, 6, '2014-05-01', 1, 0, 100),
(37, 7, '2014-05-01', 1, 0, 100),
(38, 8, '2014-05-01', 1, 0, 100),
(39, 9, '2014-05-01', 1, 0, 100),
(40, 10, '2014-05-01', 1, 0, 100),
(41, 1, '2014-05-02', 1, 10, 6),
(42, 2, '2014-05-02', 1, 10, 6),
(43, 3, '2014-05-02', 1, 18, 7),
(44, 4, '2014-05-02', 1, 18, 7),
(45, 5, '2014-05-02', 1, 18, 7),
(46, 6, '2014-05-02', 1, 0, 100),
(47, 7, '2014-05-02', 1, 0, 100),
(48, 8, '2014-05-02', 1, 0, 100),
(49, 9, '2014-05-02', 1, 0, 100),
(50, 10, '2014-05-02', 1, 0, 100),
(51, 1, '2014-04-28', 2, 0, 100),
(52, 2, '2014-04-28', 2, 14, 8),
(53, 3, '2014-04-28', 2, 14, 8),
(54, 4, '2014-04-28', 2, 14, 1),
(55, 5, '2014-04-28', 2, 14, 1),
(56, 6, '2014-04-28', 2, 0, 100),
(57, 7, '2014-04-28', 2, 0, 100),
(58, 8, '2014-04-28', 2, 0, 100),
(59, 9, '2014-04-28', 2, 14, 1),
(60, 10, '2014-04-28', 2, 14, 1),
(61, 1, '2014-04-29', 2, 0, 100),
(62, 2, '2014-04-29', 2, 0, 100),
(63, 3, '2014-04-29', 2, 0, 100),
(64, 4, '2014-04-29', 2, 0, 100),
(65, 5, '2014-04-29', 2, 0, 100),
(66, 6, '2014-04-29', 2, 0, 100),
(67, 7, '2014-04-29', 2, 0, 100),
(68, 8, '2014-04-29', 2, 0, 100),
(69, 9, '2014-04-29', 2, 0, 100),
(70, 10, '2014-04-29', 2, 0, 100),
(71, 1, '2014-04-30', 2, 4, 9),
(72, 2, '2014-04-30', 2, 4, 9),
(73, 3, '2014-04-30', 2, 4, 9),
(74, 4, '2014-04-30', 2, 4, 9),
(75, 5, '2014-04-30', 2, 0, 100),
(76, 6, '2014-04-30', 2, 0, 100),
(77, 7, '2014-04-30', 2, 14, 9),
(78, 8, '2014-04-30', 2, 14, 9),
(79, 9, '2014-04-30', 2, 4, 6),
(80, 10, '2014-04-30', 2, 4, 6),
(81, 1, '2014-05-01', 2, 0, 100),
(82, 2, '2014-05-01', 2, 0, 100),
(83, 3, '2014-05-01', 2, 0, 100),
(84, 4, '2014-05-01', 2, 0, 100),
(85, 5, '2014-05-01', 2, 0, 100),
(86, 6, '2014-05-01', 2, 0, 100),
(87, 7, '2014-05-01', 2, 0, 100),
(88, 8, '2014-05-01', 2, 0, 100),
(89, 9, '2014-05-01', 2, 0, 100),
(90, 10, '2014-05-01', 2, 0, 100),
(91, 1, '2014-05-02', 2, 0, 100),
(92, 2, '2014-05-02', 2, 0, 100),
(93, 3, '2014-05-02', 2, 0, 100),
(94, 4, '2014-05-02', 2, 0, 100),
(95, 5, '2014-05-02', 2, 0, 100),
(96, 6, '2014-05-02', 2, 0, 100),
(97, 7, '2014-05-02', 2, 0, 100),
(98, 8, '2014-05-02', 2, 0, 100),
(99, 9, '2014-05-02', 2, 0, 100),
(100, 10, '2014-05-02', 2, 0, 100),
(101, 1, '2014-04-28', 3, 0, 100),
(102, 2, '2014-04-28', 3, 0, 100),
(103, 3, '2014-04-28', 3, 0, 100),
(104, 4, '2014-04-28', 3, 10, 5),
(105, 5, '2014-04-28', 3, 10, 5),
(106, 6, '2014-04-28', 3, 0, 100),
(107, 7, '2014-04-28', 3, 6, 1),
(108, 8, '2014-04-28', 3, 6, 1),
(109, 9, '2014-04-28', 3, 0, 100),
(110, 10, '2014-04-28', 3, 0, 100),
(111, 1, '2014-04-29', 3, 84, 3),
(112, 2, '2014-04-29', 3, 84, 3),
(113, 3, '2014-04-29', 3, 84, 3),
(114, 4, '2014-04-29', 3, 84, 3),
(115, 5, '2014-04-29', 3, 84, 3),
(116, 6, '2014-04-29', 3, 0, 100),
(117, 7, '2014-04-29', 3, 73, 1),
(118, 8, '2014-04-29', 3, 73, 1),
(119, 9, '2014-04-29', 3, 73, 1),
(120, 10, '2014-04-29', 3, 0, 100),
(121, 1, '2014-04-30', 3, 84, 7),
(122, 2, '2014-04-30', 3, 84, 7),
(123, 3, '2014-04-30', 3, 84, 7),
(124, 4, '2014-04-30', 3, 84, 7),
(125, 5, '2014-04-30', 3, 84, 7),
(126, 6, '2014-04-30', 3, 0, 100),
(127, 7, '2014-04-30', 3, 72, 8),
(128, 8, '2014-04-30', 3, 72, 2),
(129, 9, '2014-04-30', 3, 72, 2),
(130, 10, '2014-04-30', 3, 0, 100),
(131, 1, '2014-05-01', 3, 33, 1),
(132, 2, '2014-05-01', 3, 33, 1),
(133, 3, '2014-05-01', 3, 33, 1),
(134, 4, '2014-05-01', 3, 33, 1),
(135, 5, '2014-05-01', 3, 33, 1),
(136, 6, '2014-05-01', 3, 0, 100),
(137, 7, '2014-05-01', 3, 10, 3),
(138, 8, '2014-05-01', 3, 10, 3),
(139, 9, '2014-05-01', 3, 84, 8),
(140, 10, '2014-05-01', 3, 84, 8),
(141, 1, '2014-05-02', 3, 0, 100),
(142, 2, '2014-05-02', 3, 0, 100),
(143, 3, '2014-05-02', 3, 0, 100),
(144, 4, '2014-05-02', 3, 0, 100),
(145, 5, '2014-05-02', 3, 0, 100),
(146, 6, '2014-05-02', 3, 0, 100),
(147, 7, '2014-05-02', 3, 0, 100),
(148, 8, '2014-05-02', 3, 0, 100),
(149, 9, '2014-05-02', 3, 0, 100),
(150, 10, '2014-05-02', 3, 0, 100),
(151, 1, '2014-04-28', 4, 0, 100),
(152, 2, '2014-04-28', 4, 0, 100),
(153, 3, '2014-04-28', 4, 0, 100),
(154, 4, '2014-04-28', 4, 0, 100),
(155, 5, '2014-04-28', 4, 0, 100),
(156, 6, '2014-04-28', 4, 0, 100),
(157, 7, '2014-04-28', 4, 0, 100),
(158, 8, '2014-04-28', 4, 0, 100),
(159, 9, '2014-04-28', 4, 0, 100),
(160, 10, '2014-04-28', 4, 0, 100),
(161, 1, '2014-04-29', 4, 8, 1),
(162, 2, '2014-04-29', 4, 8, 1),
(163, 3, '2014-04-29', 4, 8, 1),
(164, 4, '2014-04-29', 4, 84, 5),
(165, 5, '2014-04-29', 4, 84, 5),
(166, 6, '2014-04-29', 4, 0, 100),
(167, 7, '2014-04-29', 4, 84, 7),
(168, 8, '2014-04-29', 4, 84, 7),
(169, 9, '2014-04-29', 4, 0, 100),
(170, 10, '2014-04-29', 4, 0, 100),
(171, 1, '2014-04-30', 4, 55, 8),
(172, 2, '2014-04-30', 4, 55, 8),
(173, 3, '2014-04-30', 4, 55, 8),
(174, 4, '2014-04-30', 4, 0, 100),
(175, 5, '2014-04-30', 4, 0, 100),
(176, 6, '2014-04-30', 4, 0, 100),
(177, 7, '2014-04-30', 4, 0, 100),
(178, 8, '2014-04-30', 4, 0, 100),
(179, 9, '2014-04-30', 4, 0, 100),
(180, 10, '2014-04-30', 4, 0, 100),
(181, 1, '2014-05-01', 4, 72, 2),
(182, 2, '2014-05-01', 4, 72, 2),
(183, 3, '2014-05-01', 4, 72, 2),
(184, 4, '2014-05-01', 4, 84, 5),
(185, 5, '2014-05-01', 4, 84, 5),
(186, 6, '2014-05-01', 4, 0, 100),
(187, 7, '2014-05-01', 4, 84, 8),
(188, 8, '2014-05-01', 4, 84, 8),
(189, 9, '2014-05-01', 4, 0, 100),
(190, 10, '2014-05-01', 4, 0, 100),
(191, 1, '2014-05-02', 4, 52, 6),
(192, 2, '2014-05-02', 4, 52, 6),
(193, 3, '2014-05-02', 4, 52, 6),
(194, 4, '2014-05-02', 4, 55, 4),
(195, 5, '2014-05-02', 4, 55, 4),
(196, 6, '2014-05-02', 4, 0, 100),
(197, 7, '2014-05-02', 4, 8, 1),
(198, 8, '2014-05-02', 4, 8, 1),
(199, 9, '2014-05-02', 4, 0, 100),
(200, 10, '2014-05-02', 4, 0, 100),
(201, 1, '2014-04-28', 5, 85, 8),
(202, 2, '2014-04-28', 5, 85, 8),
(203, 3, '2014-04-28', 5, 0, 100),
(204, 4, '2014-04-28', 5, 85, 6),
(205, 5, '2014-04-28', 5, 85, 6),
(206, 6, '2014-04-28', 5, 0, 100),
(207, 7, '2014-04-28', 5, 85, 7),
(208, 8, '2014-04-28', 5, 85, 7),
(209, 9, '2014-04-28', 5, 0, 100),
(210, 10, '2014-04-28', 5, 0, 100),
(211, 1, '2014-04-29', 5, 85, 8),
(212, 2, '2014-04-29', 5, 85, 8),
(213, 3, '2014-04-29', 5, 0, 100),
(214, 4, '2014-04-29', 5, 85, 1),
(215, 5, '2014-04-29', 5, 85, 1),
(216, 6, '2014-04-29', 5, 0, 100),
(217, 7, '2014-04-29', 5, 85, 3),
(218, 8, '2014-04-29', 5, 85, 3),
(219, 9, '2014-04-29', 5, 85, 3),
(220, 10, '2014-04-29', 5, 85, 3),
(221, 1, '2014-04-30', 5, 0, 100),
(222, 2, '2014-04-30', 5, 85, 4),
(223, 3, '2014-04-30', 5, 85, 4),
(224, 4, '2014-04-30', 5, 85, 4),
(225, 5, '2014-04-30', 5, 85, 4),
(226, 6, '2014-04-30', 5, 0, 100),
(227, 7, '2014-04-30', 5, 0, 100),
(228, 8, '2014-04-30', 5, 0, 100),
(229, 9, '2014-04-30', 5, 85, 6),
(230, 10, '2014-04-30', 5, 85, 6),
(231, 1, '2014-05-01', 5, 85, 6),
(232, 2, '2014-05-01', 5, 85, 6),
(233, 3, '2014-05-01', 5, 0, 100),
(234, 4, '2014-05-01', 5, 0, 100),
(235, 5, '2014-05-01', 5, 0, 100),
(236, 6, '2014-05-01', 5, 0, 100),
(237, 7, '2014-05-01', 5, 0, 100),
(238, 8, '2014-05-01', 5, 0, 100),
(239, 9, '2014-05-01', 5, 0, 100),
(240, 10, '2014-05-01', 5, 0, 100),
(241, 1, '2014-05-02', 5, 0, 100),
(242, 2, '2014-05-02', 5, 0, 100),
(243, 3, '2014-05-02', 5, 0, 100),
(244, 4, '2014-05-02', 5, 0, 100),
(245, 5, '2014-05-02', 5, 0, 100),
(246, 6, '2014-05-02', 5, 0, 100),
(247, 7, '2014-05-02', 5, 0, 100),
(248, 8, '2014-05-02', 5, 0, 100),
(249, 9, '2014-05-02', 5, 0, 100),
(250, 10, '2014-05-02', 5, 0, 100),
(251, 1, '2014-04-28', 6, 4, 3),
(252, 2, '2014-04-28', 6, 4, 3),
(253, 3, '2014-04-28', 6, 4, 3),
(254, 4, '2014-04-28', 6, 4, 3),
(255, 5, '2014-04-28', 6, 0, 100),
(256, 6, '2014-04-28', 6, 0, 100),
(257, 7, '2014-04-28', 6, 0, 100),
(258, 8, '2014-04-28', 6, 0, 100),
(259, 9, '2014-04-28', 6, 4, 8),
(260, 10, '2014-04-28', 6, 4, 8),
(261, 1, '2014-04-29', 6, 0, 100),
(262, 2, '2014-04-29', 6, 0, 100),
(263, 3, '2014-04-29', 6, 69, 9),
(264, 4, '2014-04-29', 6, 69, 9),
(265, 5, '2014-04-29', 6, 0, 100),
(266, 6, '2014-04-29', 6, 0, 100),
(267, 7, '2014-04-29', 6, 67, 9),
(268, 8, '2014-04-29', 6, 67, 9),
(269, 9, '2014-04-29', 6, 0, 100),
(270, 10, '2014-04-29', 6, 0, 100),
(271, 1, '2014-04-30', 6, 23, 1),
(272, 2, '2014-04-30', 6, 23, 1),
(273, 3, '2014-04-30', 6, 23, 1),
(274, 4, '2014-04-30', 6, 23, 1),
(275, 5, '2014-04-30', 6, 23, 1),
(276, 6, '2014-04-30', 6, 0, 100),
(277, 7, '2014-04-30', 6, 0, 100),
(278, 8, '2014-04-30', 6, 0, 100),
(279, 9, '2014-04-30', 6, 0, 100),
(280, 10, '2014-04-30', 6, 0, 100),
(281, 1, '2014-05-01', 6, 0, 100),
(282, 2, '2014-05-01', 6, 0, 100),
(283, 3, '2014-05-01', 6, 80, 10),
(284, 4, '2014-05-01', 6, 80, 10),
(285, 5, '2014-05-01', 6, 80, 10),
(286, 6, '2014-05-01', 6, 0, 100),
(287, 7, '2014-05-01', 6, 0, 100),
(288, 8, '2014-05-01', 6, 0, 100),
(289, 9, '2014-05-01', 6, 0, 100),
(290, 10, '2014-05-01', 6, 0, 100),
(291, 1, '2014-05-02', 6, 0, 100),
(292, 2, '2014-05-02', 6, 0, 100),
(293, 3, '2014-05-02', 6, 75, 10),
(294, 4, '2014-05-02', 6, 0, 100),
(295, 5, '2014-05-02', 5, 0, 100),
(296, 6, '2014-05-02', 6, 0, 100),
(297, 7, '2014-05-02', 6, 0, 100),
(298, 8, '2014-05-02', 6, 0, 100),
(299, 9, '2014-05-02', 6, 0, 100),
(300, 10, '2014-05-02', 6, 0, 100),
(301, 1, '2014-04-28', 7, 37, 10),
(302, 2, '2014-04-28', 7, 37, 10),
(303, 3, '2014-04-28', 7, 37, 10),
(304, 4, '2014-04-28', 7, 37, 10),
(305, 5, '2014-04-28', 7, 37, 10),
(306, 6, '2014-04-28', 7, 0, 100),
(307, 7, '2014-04-28', 7, 0, 100),
(308, 8, '2014-04-28', 7, 0, 100),
(309, 9, '2014-04-28', 7, 84, 7),
(310, 10, '2014-04-28', 7, 84, 7),
(311, 1, '2014-04-29', 7, 33, 10),
(312, 2, '2014-04-29', 7, 33, 10),
(313, 3, '2014-04-29', 7, 33, 10),
(314, 4, '2014-04-29', 7, 33, 10),
(315, 5, '2014-04-29', 7, 33, 10),
(316, 6, '2014-04-29', 7, 0, 100),
(317, 7, '2014-04-29', 7, 37, 4),
(318, 8, '2014-04-29', 7, 37, 4),
(319, 9, '2014-04-29', 7, 84, 5),
(320, 10, '2014-04-29', 7, 84, 5),
(321, 1, '2014-04-30', 7, 33, 4),
(322, 2, '2014-04-30', 7, 33, 4),
(323, 3, '2014-04-30', 7, 33, 4),
(324, 4, '2014-04-30', 7, 33, 4),
(325, 5, '2014-04-30', 7, 33, 4),
(326, 6, '2014-04-30', 7, 0, 100),
(327, 7, '2014-04-30', 7, 84, 3),
(328, 8, '2014-04-30', 7, 84, 3),
(329, 9, '2014-04-30', 7, 0, 100),
(330, 10, '2014-04-30', 7, 0, 100),
(331, 1, '2014-05-01', 7, 33, 1),
(332, 2, '2014-05-01', 7, 33, 1),
(333, 3, '2014-05-01', 7, 33, 1),
(334, 4, '2014-05-01', 7, 33, 1),
(335, 5, '2014-05-01', 7, 33, 1),
(336, 6, '2014-05-01', 7, 0, 100),
(337, 7, '2014-05-01', 7, 72, 2),
(338, 8, '2014-05-01', 7, 72, 2),
(339, 9, '2014-05-01', 7, 72, 2),
(340, 10, '2014-05-01', 7, 84, 4),
(341, 1, '2014-05-02', 7, 37, 5),
(342, 2, '2014-05-02', 7, 37, 5),
(343, 3, '2014-05-02', 7, 37, 5),
(344, 4, '2014-05-02', 7, 84, 6),
(345, 5, '2014-05-02', 7, 84, 6),
(346, 6, '2014-05-02', 7, 0, 100),
(347, 7, '2014-05-02', 7, 0, 100),
(348, 8, '2014-05-02', 7, 0, 100),
(349, 9, '2014-05-02', 7, 0, 100),
(350, 10, '2014-05-02', 7, 0, 100),
(351, 1, '2014-04-28', 8, 84, 8),
(352, 2, '2014-04-28', 8, 84, 8),
(353, 3, '2014-04-28', 8, 84, 8),
(354, 4, '2014-04-28', 8, 84, 8),
(355, 5, '2014-04-28', 8, 84, 8),
(356, 6, '2014-04-28', 8, 0, 8),
(357, 7, '2014-04-28', 8, 52, 6),
(358, 8, '2014-04-28', 8, 52, 6),
(359, 9, '2014-04-28', 8, 52, 6),
(360, 10, '2014-04-28', 8, 0, 100),
(361, 1, '2014-04-29', 8, 0, 100),
(362, 2, '2014-04-29', 8, 0, 100),
(363, 3, '2014-04-29', 8, 0, 100),
(364, 4, '2014-04-29', 8, 0, 100),
(365, 5, '2014-04-29', 8, 0, 100),
(366, 6, '2014-04-29', 8, 0, 100),
(367, 7, '2014-04-29', 8, 0, 100),
(368, 8, '2014-04-29', 8, 0, 100),
(369, 9, '2014-04-29', 8, 0, 100),
(370, 10, '2014-04-29', 8, 0, 100),
(371, 1, '2014-04-30', 8, 0, 100),
(372, 2, '2014-04-30', 8, 0, 100),
(373, 3, '2014-04-30', 8, 0, 100),
(374, 4, '2014-04-30', 8, 0, 100),
(375, 5, '2014-04-30', 8, 0, 100),
(376, 6, '2014-04-30', 8, 0, 100),
(377, 7, '2014-04-30', 8, 0, 100),
(378, 8, '2014-04-30', 8, 0, 100),
(379, 9, '2014-04-30', 8, 0, 100),
(380, 10, '2014-04-30', 8, 0, 100),
(381, 1, '2014-05-01', 8, 58, 7),
(382, 2, '2014-05-01', 8, 58, 7),
(383, 3, '2014-05-01', 8, 58, 7),
(384, 4, '2014-05-01', 8, 58, 7),
(385, 5, '2014-05-01', 8, 58, 7),
(386, 6, '2014-05-01', 8, 0, 100),
(387, 7, '2014-05-01', 8, 13, 1),
(388, 8, '2014-05-01', 8, 13, 1),
(389, 9, '2014-05-01', 8, 13, 1),
(390, 10, '2014-05-01', 8, 0, 100),
(391, 1, '2014-05-02', 8, 0, 100),
(392, 2, '2014-05-02', 8, 0, 100),
(393, 3, '2014-05-02', 8, 0, 100),
(394, 4, '2014-05-02', 8, 0, 100),
(395, 5, '2014-05-02', 8, 0, 100),
(396, 6, '2014-05-02', 8, 0, 100),
(397, 7, '2014-05-02', 8, 0, 100),
(398, 8, '2014-05-02', 8, 0, 100),
(399, 9, '2014-05-02', 8, 0, 100),
(400, 10, '2014-05-02', 8, 0, 100),
(401, 1, '2014-04-28', 9, 18, 4),
(402, 2, '2014-04-28', 9, 18, 4),
(403, 3, '2014-04-28', 9, 18, 4),
(404, 4, '2014-04-28', 9, 59, 6),
(405, 5, '2014-04-28', 9, 59, 6),
(406, 6, '2014-04-28', 9, 0, 100),
(407, 7, '2014-04-28', 9, 0, 100),
(408, 8, '2014-04-28', 9, 0, 100),
(409, 9, '2014-04-28', 9, 0, 100),
(410, 10, '2014-04-28', 9, 0, 100),
(411, 1, '2014-04-29', 9, 84, 8),
(412, 2, '2014-04-29', 9, 84, 8),
(413, 3, '2014-04-29', 9, 18, 7),
(414, 4, '2014-04-29', 9, 18, 7),
(415, 5, '2014-04-29', 9, 18, 7),
(416, 6, '2014-04-29', 9, 0, 100),
(417, 7, '2014-04-29', 9, 72, 2),
(418, 8, '2014-04-29', 9, 72, 2),
(419, 9, '2014-04-29', 9, 46, 5),
(420, 10, '2014-04-29', 9, 46, 5),
(421, 1, '2014-04-30', 9, 59, 7),
(422, 2, '2014-04-30', 9, 59, 7),
(423, 3, '2014-04-30', 9, 59, 7),
(424, 4, '2014-04-30', 9, 84, 8),
(425, 5, '2014-04-30', 9, 84, 8),
(426, 6, '2014-04-30', 9, 0, 100),
(427, 7, '2014-04-30', 9, 0, 100),
(428, 8, '2014-04-30', 9, 0, 100),
(429, 9, '2014-04-30', 9, 0, 100),
(430, 10, '2014-04-30', 9, 0, 100),
(431, 1, '2014-05-01', 9, 0, 100),
(432, 2, '2014-05-01', 9, 0, 100),
(433, 3, '2014-05-01', 9, 0, 100),
(434, 4, '2014-05-01', 9, 0, 100),
(435, 5, '2014-05-01', 9, 0, 100),
(436, 6, '2014-05-01', 9, 0, 100),
(437, 7, '2014-05-01', 9, 0, 100),
(438, 8, '2014-05-01', 9, 0, 100),
(439, 9, '2014-05-01', 9, 0, 100),
(440, 10, '2014-05-01', 9, 0, 100),
(441, 1, '2014-05-02', 9, 73, 1),
(442, 2, '2014-05-02', 9, 73, 1),
(443, 3, '2014-05-02', 9, 73, 1),
(444, 4, '2014-05-02', 9, 72, 2),
(445, 5, '2014-05-02', 9, 72, 2),
(446, 6, '2014-05-02', 9, 0, 100),
(447, 7, '2014-05-02', 9, 0, 100),
(448, 8, '2014-05-02', 9, 0, 100),
(449, 9, '2014-05-02', 9, 0, 100),
(450, 10, '2014-05-02', 9, 0, 100),
(451, 1, '2014-04-28', 10, 0, 100),
(452, 2, '2014-04-28', 10, 0, 100),
(453, 3, '2014-04-28', 10, 0, 100),
(454, 4, '2014-04-28', 10, 0, 100),
(455, 5, '2014-04-28', 10, 0, 100),
(456, 6, '2014-04-28', 10, 0, 100),
(457, 7, '2014-04-28', 10, 0, 100),
(458, 8, '2014-04-28', 10, 84, 9),
(459, 9, '2014-04-28', 10, 84, 9),
(460, 10, '2014-04-28', 10, 84, 9),
(461, 1, '2014-04-29', 10, 0, 100),
(462, 2, '2014-04-29', 10, 0, 100),
(463, 3, '2014-04-29', 10, 84, 9),
(464, 4, '2014-04-29', 10, 72, 2),
(465, 5, '2014-04-29', 10, 72, 2),
(466, 6, '2014-04-29', 10, 0, 100),
(467, 7, '2014-04-29', 10, 84, 3),
(468, 8, '2014-04-29', 10, 84, 3),
(469, 9, '2014-04-29', 10, 84, 3),
(470, 10, '2014-04-29', 10, 0, 100),
(471, 1, '2014-04-30', 10, 0, 100),
(472, 2, '2014-04-30', 10, 0, 100),
(473, 3, '2014-04-30', 10, 0, 100),
(474, 4, '2014-04-30', 10, 0, 100),
(475, 5, '2014-04-30', 10, 0, 100),
(476, 6, '2014-04-30', 10, 0, 100),
(477, 7, '2014-04-30', 10, 84, 10),
(478, 8, '2014-04-30', 10, 84, 10),
(479, 9, '2014-04-30', 10, 84, 10),
(480, 10, '2014-04-30', 10, 84, 10),
(481, 1, '2014-05-01', 10, 0, 100),
(482, 2, '2014-05-01', 10, 0, 100),
(483, 3, '2014-05-01', 10, 0, 100),
(484, 4, '2014-05-01', 10, 0, 100),
(485, 5, '2014-05-01', 10, 0, 100),
(486, 6, '2014-05-01', 10, 0, 100),
(487, 7, '2014-05-01', 10, 0, 100),
(488, 8, '2014-05-01', 10, 0, 100),
(489, 9, '2014-05-01', 10, 0, 100),
(490, 10, '2014-05-01', 10, 0, 100),
(491, 1, '2014-05-02', 10, 84, 3),
(492, 2, '2014-05-02', 10, 84, 3),
(493, 3, '2014-05-02', 10, 84, 3),
(494, 4, '2014-05-02', 10, 73, 1),
(495, 5, '2014-05-02', 10, 73, 1),
(496, 6, '2014-05-02', 10, 0, 100),
(497, 7, '2014-05-02', 10, 72, 2),
(498, 8, '2014-05-02', 10, 72, 2),
(499, 9, '2014-05-02', 10, 0, 100),
(500, 10, '2014-05-02', 10, 0, 100);

-- --------------------------------------------------------

--
-- Structure de la table `discipline`
--

CREATE TABLE IF NOT EXISTS `discipline` (
  `idDiscipline` int(11) NOT NULL AUTO_INCREMENT,
  `Name` varchar(45) DEFAULT NULL,
  `Description` varchar(255) DEFAULT NULL,
  PRIMARY KEY (`idDiscipline`)
) ENGINE=InnoDB  DEFAULT CHARSET=latin1 AUTO_INCREMENT=86 ;

--
-- Contenu de la table `discipline`
--

INSERT INTO `discipline` (`idDiscipline`, `Name`, `Description`) VALUES
(0, '', 'Pas de Cours'),
(1, 'I-CH 100', 'Distinguer, préparer et évaluer des donées'),
(2, 'I-CH 101', 'Réaliser et publier un site Web'),
(3, 'I-CH 103', 'Programmer dans un cadre prescrit(structuré)'),
(4, 'I-CH 104', 'Implémenter un modèle de données'),
(5, 'I-CH 105', 'Traiter une base de données SQL'),
(6, 'I-CH 112', 'Assurer une assistance en première instance'),
(7, 'I-CH 117', 'Mettre en place l''infrastructure infomartique d''une petite entreprise'),
(8, 'I-CH 122', 'Automatiser des procédures à l''aide de script et de macros'),
(9, 'I-CH 123', 'Activer les services d''un serveur'),
(10, 'I-CH 124', 'Sélectionner, acquérir et mettre à niveaux du matériel et du logiciel pour PC'),
(11, 'I-CH 127', 'Assurer l''exploitation de serveurs'),
(12, 'I-CH 129', 'Mettre en service des composants réseaux'),
(13, 'I-CH 132', 'Effectuer un appel d''offres et comparer les résultats'),
(14, 'I-CH 133', 'Développer des applications WEB'),
(15, 'I-CH 137', 'Prendre en charge l''assistance en 2ème et 3ème instance'),
(16, 'I-CH 138', 'AMénager des places de travail'),
(17, 'I-CH 143', 'Implémenter un système de sauvegarde et de restauration'),
(18, 'I-CH 146', 'Relier une entreprise à internet'),
(19, 'I-CH 151', 'Développer des applications WEB reliées à des bases de données'),
(20, 'I-CH 182', 'Réaliser la sécurité info d''un système'),
(21, 'I-CH 212', 'Savoir apprendre à travailler'),
(22, 'I-CH 213', 'Savoir travailler en équipe'),
(23, 'I-CH 214', 'Familiariser les utilisateurs et utilisatrices avec l''informatique'),
(24, 'I-CH 239', 'Mettre en servive un serveur WEB'),
(25, 'I-CH 301', 'Utiliser des outils bureautiques'),
(26, 'I-CH 302', 'Utiliser des fonctions avancées dans les outils bureautiques'),
(27, 'I-CH 303', 'Programmer dans un cadre préscrit(basé objets)'),
(28, 'I-CH 304', 'Installer et configurer un PC mono-poste'),
(29, 'I-CH 305', 'Installer, configurer et administrer un système mutli-utilisateurs'),
(30, 'IEL1', 'Loi d''Ohm'),
(31, 'IEL2', 'Base de l''électronique'),
(32, 'IEL3', 'Éléments électoniques'),
(33, 'IEL4', 'Pratique électronique'),
(34, 'MAH1', 'Base du numérique'),
(35, 'MAH2', 'Fonctionnement hardware d''un PC'),
(36, 'MAH3', 'Initiation à la robotique'),
(37, 'MAH4', 'Montage PC'),
(38, 'MAS1', 'Introduction à l''informatique'),
(39, 'MAS2', 'DOS'),
(40, 'MAS3', 'Analyse & logique'),
(41, 'MAS4', 'MindStorm (Lego)'),
(42, 'MAS5', 'Gestion de projet'),
(43, 'MAS6', 'Prog graphique (LabView)'),
(44, 'MAS7', 'Linux'),
(45, 'MAS8', 'Serveur BDD et Workflow'),
(46, 'MAS9', 'Technique de présentation'),
(47, 'MAS10', 'Graphisme WEB'),
(48, 'MAS11', 'Ethique et Informatique'),
(49, 'MAS12', 'Interface Macintosh'),
(50, 'MAS13', 'Recherche d''emploi'),
(51, 'MAS1.1', 'Support'),
(52, 'MAS1.2', 'Virtualisation LAN'),
(53, 'MAS2.1', 'Projet SAAS'),
(54, 'Module : POO1', 'Programmation Orienté Objet'),
(55, 'Module : POO2', 'Programmation Orienté Objet'),
(56, 'Module : POO3', 'Programmation Orienté Objet'),
(57, 'Module : SEC1', 'SEC1'),
(58, 'Module : SEC2', 'SEC2'),
(59, 'Module : RDS', 'RDS'),
(60, 'Projet (C, C#)', 'Projet'),
(61, 'Projet (Groupes)', 'Groupes'),
(62, 'Projet (Interface)', 'Interface'),
(63, 'Projet (Site web dynamique)', 'Site web'),
(64, 'Projet (Système)', 'Système'),
(65, 'Projet (Web)', 'Web'),
(66, 'Projet découvertes', 'Découvertes'),
(67, 'Projet informatique', 'Informatique'),
(68, 'Projet informatique embarquée', 'Informatique embarquée'),
(69, 'Projet interdisciplinaire', 'Interdisciplinaire'),
(70, 'Projet médiamatique', 'Médiamatique'),
(71, 'Projet Pré-TPI', 'Pré-TPI'),
(72, 'Projet Web', 'Web'),
(73, 'Projets', 'Projets'),
(74, 'Gestion et organisation', 'Gestion et organisation'),
(75, 'Gestion de classe', 'Gestion de classe'),
(76, 'Gestion de production', 'Gestion de production'),
(77, 'Gestion de projets', 'Gestion de projets'),
(78, 'Gestion de projets appliquées', 'Gestion de projets appliquées'),
(79, 'Initiation à l''info', 'Initiation à l''info'),
(80, 'Initiation à la programmation', 'Initiation à la programmation'),
(81, 'Initiation bases de données', 'Initiation bases de données'),
(82, 'Initiation bureautique', 'Initiation bureautique'),
(83, 'Initiation développement Web', 'Initiation développement Web'),
(84, 'TPI', 'Travail Personnel Individuel'),
(85, 'Gymnastique et Sport', 'Gymnastique et Sport');

-- --------------------------------------------------------

--
-- Structure de la table `period`
--

CREATE TABLE IF NOT EXISTS `period` (
  `idPeriod` int(11) NOT NULL,
  `StartTime` time DEFAULT NULL,
  `EndTime` time DEFAULT NULL,
  PRIMARY KEY (`idPeriod`)
) ENGINE=InnoDB DEFAULT CHARSET=latin1;

--
-- Contenu de la table `period`
--

INSERT INTO `period` (`idPeriod`, `StartTime`, `EndTime`) VALUES
(1, '08:00:00', '08:45:00'),
(2, '08:50:00', '09:35:00'),
(3, '09:50:00', '10:35:00'),
(4, '10:40:00', '11:25:00'),
(5, '11:30:00', '12:15:00'),
(6, '12:15:00', '13:30:00'),
(7, '13:30:00', '14:15:00'),
(8, '14:20:00', '15:05:00'),
(9, '15:20:00', '16:05:00'),
(10, '16:10:00', '16:55:00');

-- --------------------------------------------------------

--
-- Structure de la table `statusstudent`
--

CREATE TABLE IF NOT EXISTS `statusstudent` (
  `idStudent` int(11) NOT NULL,
  `idCourse` int(11) NOT NULL,
  `Lateness` tinyint(1) DEFAULT NULL,
  `Absent` tinyint(1) DEFAULT NULL,
  PRIMARY KEY (`idStudent`,`idCourse`),
  KEY `fk_PresenceRetardAbsence_Eleve1_idx` (`idStudent`),
  KEY `fk_PresenceRetardAbsence_Cours1_idx` (`idCourse`)
) ENGINE=InnoDB DEFAULT CHARSET=latin1;

--
-- Contenu de la table `statusstudent`
--

INSERT INTO `statusstudent` (`idStudent`, `idCourse`, `Lateness`, `Absent`) VALUES
(5, 131, 0, 1),
(5, 133, 0, 0),
(5, 134, 1, 0),
(52, 402, 0, 0),
(75, 123, 0, 0);

-- --------------------------------------------------------

--
-- Structure de la table `student`
--

CREATE TABLE IF NOT EXISTS `student` (
  `idStudent` int(11) NOT NULL AUTO_INCREMENT,
  `Name` varchar(45) DEFAULT NULL,
  `FirstName` varchar(45) DEFAULT NULL,
  `NumberLateness` int(11) DEFAULT NULL,
  `NumberAbsence` int(11) DEFAULT NULL,
  `idClass` int(11) NOT NULL,
  PRIMARY KEY (`idStudent`),
  KEY `fk_Eleve_Classe_idx` (`idClass`)
) ENGINE=InnoDB  DEFAULT CHARSET=latin1 AUTO_INCREMENT=120 ;

--
-- Contenu de la table `student`
--

INSERT INTO `student` (`idStudent`, `Name`, `FirstName`, `NumberLateness`, `NumberAbsence`, `idClass`) VALUES
(1, 'Antonini', 'Eric', 0, 0, 1),
(2, 'Carnal', 'Damien', 0, 0, 1),
(3, 'Kang-A-Birang', 'Camille', 0, 0, 1),
(4, 'Kreis', 'Cédric', 0, 1, 1),
(5, 'Lassalle', 'Loan', 16, 125, 1),
(6, 'Malerba', 'Gianluca', 0, 0, 1),
(7, 'Martignier', 'Stéphane', 0, 0, 1),
(8, 'Meier', 'Christopher', 0, 0, 1),
(9, 'Moreira', 'Erwan', 0, 0, 1),
(10, 'Mulone', 'Damien', 1, 0, 1),
(11, 'Palumbo', 'Daniel', 0, 0, 1),
(12, 'Ribeiro-Mendonca', 'Roberto', 0, 1, 1),
(13, 'Valente-Calado', 'César', 0, 0, 1),
(14, 'Apputhurai', 'Sujevan', 0, 0, 2),
(15, 'Bagnoud', 'Keren', 0, 0, 2),
(16, 'Benallal', 'Nadir', 0, 0, 2),
(17, 'Cavin', 'Jimmy', 0, 0, 2),
(18, 'Curchod', 'Xavier', 0, 0, 2),
(19, 'Jribi', 'Wissem', 0, 0, 2),
(20, 'Megevand', 'Nathalie', 0, 0, 2),
(21, 'Pagliaro', 'Alexandre', 0, 0, 2),
(22, 'Rafidimalala', 'Iando', 0, 0, 2),
(23, 'Rinderknecht', 'Stephane', 0, 0, 2),
(24, 'Ruberto', 'Adriano', 0, 0, 2),
(25, 'Rui', 'Mario', 0, 0, 2),
(26, 'Truong', 'Hoang-Nghia', 0, 0, 2),
(27, 'Villard', 'Matthieu', 0, 0, 2),
(28, 'Assayah', 'Jordan', 0, 0, 3),
(29, 'Audibert', 'Julien', 0, 0, 3),
(30, 'Desire', 'Loris', 0, 0, 3),
(31, 'Estoppey', 'Marco', 0, 0, 3),
(32, 'Goncalves', 'Bruno', 0, 0, 3),
(33, 'Guignard', 'Sarah', 0, 0, 3),
(34, 'Krattinger', 'Joel', 0, 0, 3),
(35, 'Mettraux', 'Audrey', 0, 0, 3),
(36, 'Rajkovic', 'Aleksandar', 0, 0, 3),
(37, 'Redondo-Colls', 'Genesis', 0, 0, 3),
(38, 'Sipala', 'Alessandro', 0, 0, 3),
(39, 'Tharmalingam', 'Kabinan', 0, 0, 3),
(40, 'Avci', 'Murat', 0, 0, 4),
(41, 'Bader', 'Mike', 0, 0, 4),
(42, 'Baer', 'Bastien', 0, 0, 4),
(43, 'Bamogo', 'Krisyam-Yves', 0, 0, 4),
(44, 'Bornoz', 'Raphael', 0, 0, 4),
(45, 'Debetaz', 'Jonathan', 0, 0, 4),
(46, 'Durussel', 'Quentin', 0, 0, 4),
(47, 'Fluckiger', 'Joel', 0, 0, 4),
(48, 'Guinamant', 'Xavier', 0, 0, 4),
(49, 'Heintz', 'Camille', 0, 0, 4),
(50, 'Le', 'Jean-Yves', 0, 0, 4),
(51, 'Pereira-Pinto', 'Filipe', 0, 0, 4),
(52, 'Platrier', 'Elie', 0, 0, 4),
(53, 'Rossier', 'Quentin', 0, 0, 4),
(54, 'Bousbaa', 'Eric', 0, 0, 5),
(55, 'Cruz', 'Ruben', 0, 0, 5),
(56, 'Dubey', 'Abigael', 0, 0, 5),
(57, 'Gasche', 'Isabelle', 0, 0, 5),
(58, 'Gillet', 'Paul', 0, 0, 5),
(59, 'Gonnet', 'Aurelien', 0, 0, 5),
(60, 'Haldi', 'Steven', 0, 0, 5),
(61, 'Marendaz', 'Gregory', 0, 0, 5),
(62, 'Neves', 'Quentin', 0, 0, 5),
(63, 'Ribagnac', 'Yann', 0, 0, 5),
(64, 'Ricci', 'Thomas', 0, 0, 5),
(65, 'Uhan', 'Melodie', 0, 0, 5),
(66, 'Acuna-Ramirez', 'Camilo', 0, 0, 5),
(67, 'Cardillo', 'Fabio', 0, 0, 6),
(68, 'Combremont', 'Gael', 0, 0, 6),
(69, 'Fidalgo', 'Leonardo', 0, 0, 6),
(70, 'Giordano', 'Antonio', 0, 0, 6),
(71, 'Grisel', 'Saber', 0, 0, 6),
(72, 'Pierre', 'Aloys', 0, 0, 6),
(73, 'Silva-Marques', 'Fabio-Manuel', 0, 0, 6),
(74, 'Charmey', 'Melissa', 0, 0, 7),
(75, 'Fagone', 'Marco', 0, 0, 7),
(76, 'Fries', 'Gillian', 0, 0, 7),
(77, 'Grand', 'Benjamin', 0, 0, 7),
(78, 'Ivanovic', 'Miroljub', 0, 0, 7),
(79, 'Jaques', 'Dany', 0, 0, 7),
(80, 'Jovic', 'Nenad', 0, 0, 7),
(81, 'Micco', 'Lionel', 0, 0, 7),
(82, 'Perret', 'Yannick', 0, 0, 7),
(83, 'Rossi', 'Steve', 0, 0, 7),
(84, 'Rousseaux', 'Nicolas', 0, 0, 7),
(85, 'Ansermoz', 'Jeremy', 0, 0, 8),
(86, 'Colaco', 'Yann', 0, 0, 8),
(87, 'Gilalmeida', 'Joaocarlos', 0, 0, 8),
(88, 'Goujgali', 'Ilias', 0, 0, 8),
(89, 'Nagaratnam', 'Jaciban', 0, 0, 8),
(90, 'Pichonnat', 'Alain', 0, 0, 8),
(91, 'Staffieri', 'Loris', 0, 0, 8),
(92, 'Veiga-Ferreira', 'Andre', 0, 0, 8),
(93, 'Wolf', 'Gabriel', 0, 0, 8),
(94, 'Beauverd', 'Yann', 0, 0, 9),
(95, 'Blanco', 'Guillaume', 0, 0, 9),
(96, 'Clerc', 'Alexis', 0, 0, 9),
(97, 'Ferreira', 'Kevin', 0, 0, 9),
(98, 'Geinoz', 'Loic', 0, 0, 9),
(99, 'Gnanasekaram', 'Tharsshan', 0, 0, 9),
(100, 'Graf', 'Mael', 0, 0, 9),
(101, 'Guibert', 'Chris', 0, 0, 9),
(102, 'Hussein', 'Aqil', 0, 0, 9),
(103, 'Karoui', 'Saif', 0, 0, 9),
(104, 'Leeser', 'Lionel', 0, 0, 9),
(105, 'Martin', 'Nikita', 0, 0, 9),
(106, 'Shanmuganathan	', 'Suveeshan', 0, 0, 9),
(107, 'Vonsiebenthal', 'Leo', 0, 0, 9),
(108, 'Baumgartner', 'Eric', 0, 0, 10),
(109, 'Buchmann', 'Maxime', 0, 1, 10),
(110, 'Clemente', 'Lucas', 0, 0, 10),
(111, 'Kryeziu', 'Nebih', 0, 0, 10),
(112, 'Marquis', 'Joel', 0, 0, 10),
(113, 'Montet', 'Vincent', 0, 0, 10),
(114, 'Othenin-girard', 'Gaetan', 0, 0, 10),
(115, 'Reka', 'Mentor', 0, 0, 10),
(116, 'Scherwey', 'Matthias', 0, 0, 10),
(117, 'Tagirov', 'Erik', 0, 0, 10),
(118, 'Vulliens', 'Maxime', 0, 0, 10),
(119, 'Wenger', 'Joris', 0, 0, 10);

-- --------------------------------------------------------

--
-- Structure de la table `teacher`
--

CREATE TABLE IF NOT EXISTS `teacher` (
  `idTeacher` int(11) NOT NULL AUTO_INCREMENT,
  `Name` varchar(45) DEFAULT NULL,
  `FirstName` varchar(45) DEFAULT NULL,
  `Username` varchar(45) CHARACTER SET latin1 COLLATE latin1_bin DEFAULT NULL,
  `Password` varchar(45) CHARACTER SET latin1 COLLATE latin1_bin DEFAULT NULL,
  PRIMARY KEY (`idTeacher`)
) ENGINE=InnoDB  DEFAULT CHARSET=latin1 AUTO_INCREMENT=11 ;

--
-- Contenu de la table `teacher`
--

INSERT INTO `teacher` (`idTeacher`, `Name`, `FirstName`, `Username`, `Password`) VALUES
(1, 'Regamey', 'Christophe', 'CRY', 'cry'),
(2, 'Mottier', 'André', 'AMR', 'amr'),
(3, 'Girardier', 'François', 'FGR', 'fgr'),
(4, 'Hurni', 'Pascal', 'PHI', 'phi'),
(5, 'Dafflon', 'Marc', 'MDN', 'mdn'),
(6, 'Chavey', 'Jean-Philippe', 'JCY', 'jcy'),
(7, 'Sigrist', 'Phillipe', 'PST', 'pst'),
(8, 'Toussaint', 'Bertrand', 'TBD', 'tbd'),
(9, 'Altieri', 'Patrick', 'PAI', 'pai'),
(10, 'Benzonana', 'Pascal', 'PBA', 'pba');

--
-- Contraintes pour les tables exportées
--

--
-- Contraintes pour la table `course`
--
ALTER TABLE `course`
  ADD CONSTRAINT `fk_Course_Class1` FOREIGN KEY (`idClass`) REFERENCES `class` (`idClass`) ON DELETE NO ACTION ON UPDATE NO ACTION,
  ADD CONSTRAINT `fk_Cours_Enseignant1` FOREIGN KEY (`idTeacher`) REFERENCES `teacher` (`idTeacher`) ON DELETE NO ACTION ON UPDATE NO ACTION,
  ADD CONSTRAINT `fk_Cours_Matiere1` FOREIGN KEY (`idDiscipline`) REFERENCES `discipline` (`idDiscipline`) ON DELETE NO ACTION ON UPDATE NO ACTION,
  ADD CONSTRAINT `fk_Cours_Periode1` FOREIGN KEY (`idPeriod`) REFERENCES `period` (`idPeriod`) ON DELETE NO ACTION ON UPDATE NO ACTION;

--
-- Contraintes pour la table `statusstudent`
--
ALTER TABLE `statusstudent`
  ADD CONSTRAINT `fk_PresenceRetardAbsence_Cours1` FOREIGN KEY (`idCourse`) REFERENCES `course` (`idCourse`) ON DELETE NO ACTION ON UPDATE NO ACTION,
  ADD CONSTRAINT `fk_PresenceRetardAbsence_Eleve1` FOREIGN KEY (`idStudent`) REFERENCES `student` (`idStudent`) ON DELETE NO ACTION ON UPDATE NO ACTION;

--
-- Contraintes pour la table `student`
--
ALTER TABLE `student`
  ADD CONSTRAINT `fk_Eleve_Classe` FOREIGN KEY (`idClass`) REFERENCES `class` (`idClass`) ON DELETE NO ACTION ON UPDATE NO ACTION,
  ADD CONSTRAINT `fk_Student_Class` FOREIGN KEY (`idClass`) REFERENCES `class` (`idClass`) ON DELETE NO ACTION ON UPDATE NO ACTION;

/*!40101 SET CHARACTER_SET_CLIENT=@OLD_CHARACTER_SET_CLIENT */;
/*!40101 SET CHARACTER_SET_RESULTS=@OLD_CHARACTER_SET_RESULTS */;
/*!40101 SET COLLATION_CONNECTION=@OLD_COLLATION_CONNECTION */;
